date,title,description,Pct_Change,Implied_Probability,Prev_Probability
2026-10-03 17:17:01.981335,Alfred Dunhill - Alfred Dunhill Championship - Winner,Casey Jarvis,0.3318,0.4651,0.1333
2026-10-04 02:36:39.630003,Jefferson Lehigh Valley Classic - Jefferson Lehigh Valley Classic - Winner,Michael Block,0.2537,0.3125,0.0588
2026-10-03 17:16:59.574273,UEFA Nations League - League B - Group 2 - Winner,Northern Ireland,0.25249999999999995,0.3636,0.1111
2026-10-03 17:16:59.571731,UEFA Nations League - League B - Group 1 - Winner,Switzerland,0.22519999999999996,0.8621,0.6369
2026-10-03 17:16:59.576784,UEFA Nations League - League B - Group 3 - Winner,Austria,0.16310000000000002,0.8,0.6369
2026-10-03 17:17:01.981335,Alfred Dunhill - Alfred Dunhill Championship - Winner,Adrian Meronk,0.1503,0.1667,0.0164
2026-10-03 22:55:39.273686,Awards - Ballon d'Or Winner 2026 - Ballon d'Or Winner 2026,Lamine Yamal (ESP),0.13690000000000002,0.6491,0.5122
2026-10-03 22:55:39.277311,"Daily Soccer Specials - International Friendlies Specials - Saturday, 3rd October - International Friendlies Specials - Saturday, 3rd October",6+ Total Goals Scored (2 fixtures),0.13330000000000009,0.8,0.6667
2026-10-03 22:55:39.277311,"Daily Soccer Specials - International Friendlies Specials - Saturday, 3rd October - International Friendlies Specials - Saturday, 3rd October",7+ Total Goals Scored (2 fixtures),0.12960000000000005,0.6296,0.5
2026-10-03 22:55:39.277311,"Daily Soccer Specials - International Friendlies Specials - Saturday, 3rd October - International Friendlies Specials - Saturday, 3rd October",A Total of 5+ Goals Scored and 16+ Corners Taken (2 fixtures),0.1179,0.6923,0.5744
2026-10-03 22:55:39.277311,"Daily Soccer Specials - International Friendlies Specials - Saturday, 3rd October - International Friendlies Specials - Saturday, 3rd October",9+ Total Goals Scored (2 fixtures),0.09689999999999999,0.3636,0.2667
2026-10-03 17:17:01.981335,Alfred Dunhill - Alfred Dunhill Championship - Winner,Thomas Detry,0.0948,0.1333,0.0385
2026-10-04 02:36:39.630003,Jefferson Lehigh Valley Classic - Jefferson Lehigh Valley Classic - Winner,Steven Alker,0.0917,0.3774,0.2857
2026-10-03 22:55:39.277311,"Daily Soccer Specials - International Friendlies Specials - Saturday, 3rd October - International Friendlies Specials - Saturday, 3rd October",Over 1.5 Goals Scored in Each Game (2 fixtures),0.0857,0.8,0.7143
2026-10-03 22:55:39.277311,"Daily Soccer Specials - International Friendlies Specials - Saturday, 3rd October - International Friendlies Specials - Saturday, 3rd October",Argentina and USA to score 3+ Goals in the First Half Combined,0.07619999999999999,0.4762,0.4
2026-10-03 22:55:39.277311,"Daily Soccer Specials - International Friendlies Specials - Saturday, 3rd October - International Friendlies Specials - Saturday, 3rd October",10+ Total Goals Scored (2 fixtures),0.0761,0.25,0.1739
2026-10-03 22:55:39.277311,"Daily Soccer Specials - International Friendlies Specials - Saturday, 3rd October - International Friendlies Specials - Saturday, 3rd October",5+ Total Goals Scored (2 fixtures),0.07579999999999998,0.9091,0.8333
2026-10-03 22:55:39.277311,"Daily Soccer Specials - International Friendlies Specials - Saturday, 3rd October - International Friendlies Specials - Saturday, 3rd October",A Total of 7+ Goals Scored and 21+ Corners Taken (2 fixtures),0.06669999999999998,0.2667,0.2
2026-10-03 17:17:01.981335,Alfred Dunhill - Alfred Dunhill Championship - Winner,Jacob Olesen,0.0617,0.0769,0.0152
2026-10-03 22:55:39.277311,"Daily Soccer Specials - International Friendlies Specials - Saturday, 3rd October - International Friendlies Specials - Saturday, 3rd October",Over 2.5 Goals Scored in Each Game (2 fixtures),0.0595,0.4762,0.4167
2026-10-03 22:55:39.277311,"Daily Soccer Specials - International Friendlies Specials - Saturday, 3rd October - International Friendlies Specials - Saturday, 3rd October",Over 0.5 Goals Scored in the First Half of Each Game (2 fixtures),0.05520000000000003,0.6552,0.6
2026-10-04 02:36:39.630003,Jefferson Lehigh Valley Classic - Jefferson Lehigh Valley Classic - Winner,Ryan Armour,0.052399999999999995,0.0909,0.0385
2026-10-03 22:55:39.277311,"Daily Soccer Specials - International Friendlies Specials - Saturday, 3rd October - International Friendlies Specials - Saturday, 3rd October",A Total of 16+ Corners Taken (2 fixtures),0.050000000000000044,0.8,0.75
2026-10-03 22:55:39.277311,"Daily Soccer Specials - International Friendlies Specials - Saturday, 3rd October - International Friendlies Specials - Saturday, 3rd October",Argentina and USA Each to Score 1+ Goals,0.050000000000000044,0.8,0.75
2026-10-03 22:55:39.277311,"Daily Soccer Specials - International Friendlies Specials - Saturday, 3rd October - International Friendlies Specials - Saturday, 3rd October",Over 3.5 Goals Scored in Each Game (2 fixtures),0.04999999999999999,0.25,0.2
2026-10-03 22:55:39.277311,"Daily Soccer Specials - International Friendlies Specials - Saturday, 3rd October - International Friendlies Specials - Saturday, 3rd October",1+ Goals Scored before 15:00 (2 fixtures),0.0494,0.6923,0.6429
2026-10-03 22:55:39.277311,"Daily Soccer Specials - International Friendlies Specials - Saturday, 3rd October - International Friendlies Specials - Saturday, 3rd October",Argentina and USA to score 5+ Goals in the First Half Combined,0.04849999999999999,0.1538,0.1053
2026-10-03 22:55:39.277311,"Daily Soccer Specials - International Friendlies Specials - Saturday, 3rd October - International Friendlies Specials - Saturday, 3rd October",2+ Goals Scored before 15:00 (2 fixtures),0.047599999999999976,0.3333,0.2857
2026-10-03 17:17:01.981335,Alfred Dunhill - Alfred Dunhill Championship - Winner,Matthew Jordan,0.04620000000000002,0.2,0.1538
2026-10-03 22:55:39.277311,"Daily Soccer Specials - International Friendlies Specials - Saturday, 3rd October - International Friendlies Specials - Saturday, 3rd October",12+ Total Goals Scored (2 fixtures),0.04619999999999999,0.1176,0.0714
2026-10-03 22:55:39.277311,"Daily Soccer Specials - International Friendlies Specials - Saturday, 3rd October - International Friendlies Specials - Saturday, 3rd October",Over 1.5 Goals Scored in the First Half of Each Game (2 fixtures),0.044499999999999984,0.2667,0.2222
2026-10-03 22:55:39.277311,"Daily Soccer Specials - International Friendlies Specials - Saturday, 3rd October - International Friendlies Specials - Saturday, 3rd October",Over 0.5 Goals Scored in Each Game; 7+ Corners Taken in Each Game (2 fixtures),0.04290000000000005,0.6429,0.6
2026-10-03 22:55:39.277311,"Daily Soccer Specials - International Friendlies Specials - Saturday, 3rd October - International Friendlies Specials - Saturday, 3rd October",Over 1.5 Goals Scored in Each Game; 9+ Corners Taken in Each Game (2 fixtures),0.04099999999999998,0.3077,0.2667
2026-10-03 22:55:40.491000,World Series Winner - World Series 2026 - World Series Winner,Los Angeles Dodgers,0.04099999999999998,0.3636,0.3226
2026-10-03 17:17:01.870574,Boxing Lines - Ibraheem Sulaimaan vs Sonny Hardy - To Win the Bout,Sonny Hardy,0.0407,0.1176,0.0769
2026-10-03 22:55:39.277311,"Daily Soccer Specials - International Friendlies Specials - Saturday, 3rd October - International Friendlies Specials - Saturday, 3rd October",13+ Total Goals Scored (2 fixtures),0.0384,0.0769,0.0385
2026-10-03 22:55:39.277311,"Daily Soccer Specials - International Friendlies Specials - Saturday, 3rd October - International Friendlies Specials - Saturday, 3rd October",Argentina and USA Each to Score 2+ Goals,0.03640000000000004,0.4,0.3636
2026-10-03 22:55:39.277311,"Daily Soccer Specials - International Friendlies Specials - Saturday, 3rd October - International Friendlies Specials - Saturday, 3rd October",A Total of 21+ Corners Taken (2 fixtures),0.03640000000000004,0.4,0.3636
2026-10-03 22:55:39.277311,"Daily Soccer Specials - International Friendlies Specials - Saturday, 3rd October - International Friendlies Specials - Saturday, 3rd October",9+ Corners Taken in Each Game (2 fixtures),0.03640000000000004,0.4,0.3636
2026-10-03 22:55:39.277311,"Daily Soccer Specials - International Friendlies Specials - Saturday, 3rd October - International Friendlies Specials - Saturday, 3rd October",Over 4.5 Goals Scored in Each Game (2 fixtures),0.0343,0.1176,0.0833
2026-10-03 19:53:30.935791,Boxing Lines - Jose Russell vs Rene Calixto - To Win the Bout,Jose Russell,0.033399999999999985,0.6078,0.5744
2026-10-03 22:55:39.277311,"Daily Soccer Specials - International Friendlies Specials - Saturday, 3rd October - International Friendlies Specials - Saturday, 3rd October",Argentina and USA Each to Score 3+ Goals,0.033399999999999985,0.1667,0.1333
2026-10-03 22:55:39.277311,"Daily Soccer Specials - International Friendlies Specials - Saturday, 3rd October - International Friendlies Specials - Saturday, 3rd October",Argentina and USA Each to take 4+ Corners,0.032099999999999906,0.6154,0.5833
2026-10-04 02:36:39.630003,Jefferson Lehigh Valley Classic - Jefferson Lehigh Valley Classic - Winner,Richard Green,0.031799999999999995,0.1429,0.1111
2026-10-03 22:55:39.277311,"Daily Soccer Specials - International Friendlies Specials - Saturday, 3rd October - International Friendlies Specials - Saturday, 3rd October",A Total of 10+ Goals Scored and 26+ Corners Taken (2 fixtures),0.031199999999999995,0.0556,0.0244
2026-10-03 17:17:01.874104,Boxing Lines - Sean Bruce vs Hamza Uddin - To Win the Bout,Sean Bruce,0.028799999999999992,0.1538,0.125
2026-10-03 22:55:40.491000,World Series Winner - World Series 2026 - World Series Winner,Chicago White Sox,0.028399999999999995,0.0909,0.0625
2026-10-03 17:17:01.981335,Alfred Dunhill - Alfred Dunhill Championship - Winner,Sepp Straka,0.0257,0.0323,0.0066
2026-10-03 22:55:39.277311,"Daily Soccer Specials - International Friendlies Specials - Saturday, 3rd October - International Friendlies Specials - Saturday, 3rd October",7+ Corners Taken in Each Game (2 fixtures),0.025600000000000067,0.6923,0.6667
2026-10-03 19:53:30.931803,Boxing Lines - Ben Whittaker vs Conor Wallace - To Win the Bout,Conor Wallace,0.024999999999999994,0.125,0.1
2026-10-03 22:55:39.277311,"Daily Soccer Specials - International Friendlies Specials - Saturday, 3rd October - International Friendlies Specials - Saturday, 3rd October",8+ Corners Taken in Each Game (2 fixtures),0.023800000000000043,0.5238,0.5
2026-10-03 22:55:39.277311,"Daily Soccer Specials - International Friendlies Specials - Saturday, 3rd October - International Friendlies Specials - Saturday, 3rd October",Over 2.5 Goals Scored in Each Game; 11+ Corners Taken in Each Game (2 fixtures),0.02310000000000001,0.1,0.0769
2026-10-03 17:17:01.884517,Boxing Lines - Jose Russell vs Rene Calixto - To Win the Bout,Rene Calixto,0.022699999999999998,0.4878,0.4651
2026-10-03 22:55:39.277311,"Daily Soccer Specials - International Friendlies Specials - Saturday, 3rd October - International Friendlies Specials - Saturday, 3rd October",3+ Goals Scored before 15:00 (2 fixtures),0.022199999999999998,0.1333,0.1111
2026-10-03 17:16:59.579381,UEFA Nations League - UEFA Nations League 2026/27 - Winner,Spain,0.021999999999999964,0.3077,0.2857
2026-10-03 22:55:39.277311,"Daily Soccer Specials - International Friendlies Specials - Saturday, 3rd October - International Friendlies Specials - Saturday, 3rd October",A total of 1+ Own Goals (2 fixtures),0.021999999999999964,0.3077,0.2857
2026-10-03 22:55:39.277311,"Daily Soccer Specials - International Friendlies Specials - Saturday, 3rd October - International Friendlies Specials - Saturday, 3rd October",A Total of 26+ Corners Taken (2 fixtures),0.02049999999999999,0.1538,0.1333
2026-10-03 22:55:39.277311,"Daily Soccer Specials - International Friendlies Specials - Saturday, 3rd October - International Friendlies Specials - Saturday, 3rd October",Argentina and USA Each to Score 2+ Goals in the First Half,0.02020000000000001,0.1111,0.0909
2026-10-03 22:55:39.277311,"Daily Soccer Specials - International Friendlies Specials - Saturday, 3rd October - International Friendlies Specials - Saturday, 3rd October",11+ Corners Taken in Each Game (2 fixtures),0.020100000000000007,0.1739,0.1538
2026-10-03 22:55:39.277311,"Daily Soccer Specials - International Friendlies Specials - Saturday, 3rd October - International Friendlies Specials - Saturday, 3rd October",Argentina and USA to score 7+ Goals in the First Half Combined,0.019100000000000002,0.0323,0.0132
2026-10-03 22:55:39.277311,"Daily Soccer Specials - International Friendlies Specials - Saturday, 3rd October - International Friendlies Specials - Saturday, 3rd October",Argentina and USA Each to take 6+ Corners,0.019000000000000017,0.2857,0.2667
2026-10-03 22:55:39.273686,Awards - Ballon d'Or Winner 2026 - Ballon d'Or Winner 2026,Khvicha Kvaratskhelia (GEO),0.0189,0.0385,0.0196
2026-10-03 17:16:59.574273,UEFA Nations League - League B - Group 2 - Winner,Ukraine,0.018799999999999983,0.3636,0.3448
2026-10-03 17:17:01.856606,Boxing Lines - Aaron Alhambra vs Anass Messaoudi - To Win the Bout,Anass Messaoudi,0.017300000000000093,0.7143,0.697
2026-10-03 22:55:39.277311,"Daily Soccer Specials - International Friendlies Specials - Saturday, 3rd October - International Friendlies Specials - Saturday, 3rd October",Argentina and USA Each to Score 1+ Goals in the First Half,0.016699999999999993,0.4167,0.4
2026-10-03 22:55:39.277311,"Daily Soccer Specials - International Friendlies Specials - Saturday, 3rd October - International Friendlies Specials - Saturday, 3rd October",10+ Corners Taken in Each Game (2 fixtures),0.016699999999999993,0.2667,0.25
2026-10-04 02:36:39.630003,Jefferson Lehigh Valley Classic - Jefferson Lehigh Valley Classic - Winner,Tag Ridings,0.016600000000000004,0.0345,0.0179
2026-10-03 19:53:30.919703,Boxing Lines - Jose Luis Navarro Jr vs Damian Biacho - To Win the Bout,Jose Luis Navarro Jr,0.014800000000000035,0.6226,0.6078
2026-10-03 22:55:39.277311,"Daily Soccer Specials - International Friendlies Specials - Saturday, 3rd October - International Friendlies Specials - Saturday, 3rd October",Argentina and USA Each to take 8+ Corners,0.01440000000000001,0.1053,0.0909
2026-10-03 22:55:39.277311,"Daily Soccer Specials - International Friendlies Specials - Saturday, 3rd October - International Friendlies Specials - Saturday, 3rd October",15+ Total Goals Scored (2 fixtures),0.011699999999999999,0.0196,0.0079
2026-10-03 22:55:39.277311,"Daily Soccer Specials - International Friendlies Specials - Saturday, 3rd October - International Friendlies Specials - Saturday, 3rd October",A Total of 31+ Corners Taken (2 fixtures),0.011199999999999995,0.0435,0.0323
2026-10-03 22:55:39.277311,"Daily Soccer Specials - International Friendlies Specials - Saturday, 3rd October - International Friendlies Specials - Saturday, 3rd October",13+ Corners Taken in Each Game (2 fixtures),0.011099999999999999,0.0667,0.0556
2026-10-03 22:55:39.277311,"Daily Soccer Specials - International Friendlies Specials - Saturday, 3rd October - International Friendlies Specials - Saturday, 3rd October",A total of 2+ Own Goals (2 fixtures),0.0102,0.0769,0.0667
2026-10-03 19:53:30.919703,Boxing Lines - Jose Luis Navarro Jr vs Damian Biacho - To Win the Bout,Damian Biacho,-0.010099999999999998,0.4444,0.4545
2026-10-03 17:16:59.579381,UEFA Nations League - UEFA Nations League 2026/27 - Winner,Netherlands,-0.0102,0.0667,0.0769
2026-10-03 17:16:59.576784,UEFA Nations League - League B - Group 3 - Winner,Republic of Ireland,-0.010499999999999982,0.2,0.2105
2026-10-03 17:17:01.860124,Boxing Lines - Jose Luis Navarro Jr vs Damian Biacho - To Win the Bout,Damian Biacho,-0.010599999999999998,0.4545,0.4651
2026-10-03 19:53:30.915692,Boxing Lines - Bilal Fawaz vs Eithan James - To Win the Bout,Bilal Fawaz,-0.011099999999999999,0.8889,0.9
2026-10-03 17:16:59.579381,UEFA Nations League - UEFA Nations League 2026/27 - Winner,Greece,-0.011199999999999995,0.0476,0.0588
2026-10-04 02:36:39.630003,Jefferson Lehigh Valley Classic - Jefferson Lehigh Valley Classic - Winner,Miguel Angel Jimenez,-0.011699999999999999,0.0079,0.0196
2026-10-04 02:36:39.630003,Jefferson Lehigh Valley Classic - Jefferson Lehigh Valley Classic - Winner,Bo Van Pelt,-0.012400000000000001,0.004,0.0164
2026-10-03 17:17:01.856606,Boxing Lines - Aaron Alhambra vs Anass Messaoudi - To Win the Bout,Aaron Alhambra,-0.012699999999999989,0.3509,0.3636
2026-10-03 22:55:39.273686,Awards - Ballon d'Or Winner 2026 - Ballon d'Or Winner 2026,Achraf Hakimi (PSG),-0.013,0.0066,0.0196
2026-10-03 17:17:01.981335,Alfred Dunhill - Alfred Dunhill Championship - Winner,Andreas Halvorsen,-0.0135,0.0017,0.0152
2026-10-03 22:55:39.273686,Awards - Ballon d'Or Winner 2026 - Ballon d'Or Winner 2026,Luis Díaz (BMU),-0.0145,0.0099,0.0244
2026-10-03 17:17:01.981335,Alfred Dunhill - Alfred Dunhill Championship - Winner,Hennie du Plessis,-0.0151,0.0066,0.0217
2026-10-03 22:55:39.277311,"Daily Soccer Specials - International Friendlies Specials - Saturday, 3rd October - International Friendlies Specials - Saturday, 3rd October",Under 1.5 Total Goals Scored (2 fixtures),-0.017100000000000004,0.0152,0.0323
2026-10-03 17:17:01.981335,Alfred Dunhill - Alfred Dunhill Championship - Winner,Jose Luis Ballester,-0.0182,0.0141,0.0323
2026-10-03 22:55:39.273686,Awards - Ballon d'Or Winner 2026 - Ballon d'Or Winner 2026,Rodri (ESP),-0.018200000000000004,0.0294,0.0476
2026-10-03 17:17:01.981335,Alfred Dunhill - Alfred Dunhill Championship - Winner,Oliver Lindell,-0.0186,0.001,0.0196
2026-10-03 19:53:30.931803,Boxing Lines - Ben Whittaker vs Conor Wallace - To Win the Bout,Ben Whittaker,-0.019100000000000006,0.9333,0.9524
2026-10-03 17:17:01.981335,Alfred Dunhill - Alfred Dunhill Championship - Winner,Joakim Lagergren,-0.019200000000000002,0.0025,0.0217
2026-10-04 02:36:39.630003,Jefferson Lehigh Valley Classic - Jefferson Lehigh Valley Classic - Winner,Greg Chalmers,-0.0194,0.005,0.0244
2026-10-03 17:17:01.981335,Alfred Dunhill - Alfred Dunhill Championship - Winner,Marcus Armitage,-0.019700000000000002,0.002,0.0217
2026-10-03 22:55:40.491000,World Series Winner - World Series 2026 - World Series Winner,Atlanta Braves,-0.02020000000000001,0.0909,0.1111
2026-10-03 17:17:01.981335,Alfred Dunhill - Alfred Dunhill Championship - Winner,Rocco Repetto Taylor,-0.021199999999999997,0.0066,0.0278
2026-10-04 02:36:39.630003,Jefferson Lehigh Valley Classic - Jefferson Lehigh Valley Classic - Winner,Tim ONeal,-0.023899999999999998,0.0196,0.0435
2026-10-03 22:55:40.491000,World Series Winner - World Series 2026 - World Series Winner,Cleveland Guardians,-0.0242,0.0667,0.0909
2026-10-03 17:17:01.874104,Boxing Lines - Sean Bruce vs Hamza Uddin - To Win the Bout,Hamza Uddin,-0.0242,0.9091,0.9333
2026-10-04 02:36:39.630003,Jefferson Lehigh Valley Classic - Jefferson Lehigh Valley Classic - Winner,Robert Karlsson,-0.024299999999999995,0.0345,0.0588
2026-10-03 17:17:01.884517,Boxing Lines - Jose Russell vs Rene Calixto - To Win the Bout,Jose Russell,-0.025599999999999956,0.5744,0.6
2026-10-04 02:36:39.630003,Jefferson Lehigh Valley Classic - Jefferson Lehigh Valley Classic - Winner,David Toms,-0.0262,0.0123,0.0385
2026-10-03 17:16:59.571731,UEFA Nations League - League B - Group 1 - Winner,Slovenia,-0.027999999999999997,0.1538,0.1818
2026-10-03 17:17:01.870574,Boxing Lines - Ibraheem Sulaimaan vs Sonny Hardy - To Win the Bout,Ibraheem Sulaimaan,-0.02969999999999995,0.9412,0.9709
2026-10-03 17:17:01.981335,Alfred Dunhill - Alfred Dunhill Championship - Winner,Tommy Fleetwood,-0.029800000000000004,0.0025,0.0323
2026-10-03 17:17:01.981335,Alfred Dunhill - Alfred Dunhill Championship - Winner,Daniel Hillier,-0.032,0.0025,0.0345
2026-10-03 19:53:30.935791,Boxing Lines - Jose Russell vs Rene Calixto - To Win the Bout,Rene Calixto,-0.033299999999999996,0.4545,0.4878
2026-10-03 22:55:39.273686,Awards - Ballon d'Or Winner 2026 - Ballon d'Or Winner 2026,Lionel Messi (ARG),-0.035699999999999996,0.0476,0.0833
2026-10-03 22:55:39.273686,Awards - Ballon d'Or Winner 2026 - Ballon d'Or Winner 2026,Harry Kane (ENG),-0.039600000000000024,0.4255,0.4651
2026-10-03 17:17:01.981335,Alfred Dunhill - Alfred Dunhill Championship - Winner,Sam Bairstow,-0.040999999999999995,0.0025,0.0435
2026-10-04 02:36:39.630003,Jefferson Lehigh Valley Classic - Jefferson Lehigh Valley Classic - Winner,Jerry Kelly,-0.041,0.0066,0.0476
2026-10-04 02:36:39.630003,Jefferson Lehigh Valley Classic - Jefferson Lehigh Valley Classic - Winner,Y E Yang,-0.04120000000000001,0.0588,0.1
2026-10-04 02:36:39.630003,Jefferson Lehigh Valley Classic - Jefferson Lehigh Valley Classic - Winner,Stewart Cink,-0.044599999999999994,0.0323,0.0769
2026-10-03 17:17:01.981335,Alfred Dunhill - Alfred Dunhill Championship - Winner,MJ Daffue,-0.0476,0.005,0.0526
2026-10-03 22:55:39.277311,"Daily Soccer Specials - International Friendlies Specials - Saturday, 3rd October - International Friendlies Specials - Saturday, 3rd October",Under 3.5 Total Goals Scored (2 fixtures),-0.04909999999999999,0.1176,0.1667
2026-10-03 17:17:01.981335,Alfred Dunhill - Alfred Dunhill Championship - Winner,Robert MacIntyre,-0.0491,0.0278,0.0769
2026-10-03 17:17:01.981335,Alfred Dunhill - Alfred Dunhill Championship - Winner,Brooks Koepka,-0.049300000000000004,0.0033,0.0526
2026-10-04 02:36:39.630003,Jefferson Lehigh Valley Classic - Jefferson Lehigh Valley Classic - Winner,Thongchai Jaidee,-0.06459999999999999,0.0123,0.0769
2026-10-03 17:16:59.571731,UEFA Nations League - League B - Group 1 - Winner,North Macedonia,-0.06699999999999999,0.0099,0.0769
2026-10-03 22:55:39.277311,"Daily Soccer Specials - International Friendlies Specials - Saturday, 3rd October - International Friendlies Specials - Saturday, 3rd October",Under 4.5 Total Goals Scored (2 fixtures),-0.07520000000000002,0.2105,0.2857
2026-10-03 17:16:59.574273,UEFA Nations League - League B - Group 2 - Winner,Georgia,-0.1039,0.0294,0.1333
2026-10-03 22:55:39.277311,"Daily Soccer Specials - International Friendlies Specials - Saturday, 3rd October - International Friendlies Specials - Saturday, 3rd October",Under 6.5 Total Goals Scored (2 fixtures),-0.1199,0.4545,0.5744
2026-10-03 17:16:59.571731,UEFA Nations League - League B - Group 1 - Winner,Scotland,-0.13130000000000003,0.0909,0.2222
2026-10-03 17:16:59.576784,UEFA Nations League - League B - Group 3 - Winner,Israel,-0.14709999999999998,0.0196,0.1667
2026-10-03 22:55:39.277311,"Daily Soccer Specials - International Friendlies Specials - Saturday, 3rd October - International Friendlies Specials - Saturday, 3rd October",Under 7.5 Total Goals Scored (2 fixtures),-0.15000000000000002,0.6,0.75
2026-10-03 17:16:59.574273,UEFA Nations League - League B - Group 2 - Winner,Hungary,-0.17660000000000003,0.3472,0.5238
